"Timestamp","Name","Sensor value"
"09/19/2019 - 17:36","Volumetric Water Content (%)","0"
"09/19/2019 - 17:36","Soil Temp (C)","28.56"
"09/19/2019 - 17:36","Soil Permittivity","1.2"
"09/19/2019 - 17:36","Soil Bulk EC (uS/cm)","0"
"09/19/2019 - 17:36","Soil Pore Water EC (uS/cm)","0"
"09/19/2019 - 17:36","Battery Voltage (V)","6.64"
"09/19/2019 - 17:42","Volumetric Water Content (%)","0"
"09/19/2019 - 17:42","Soil Temp (C)","28.45"
"09/19/2019 - 17:42","Soil Permittivity","1.2"
"09/19/2019 - 17:42","Soil Bulk EC (uS/cm)","0"
"09/19/2019 - 17:42","Soil Pore Water EC (uS/cm)","0"
"09/19/2019 - 17:42","Battery Voltage (V)","6.66"
"09/19/2019 - 17:48","Volumetric Water Content (%)","0"
"09/19/2019 - 17:48","Soil Temp (C)","28.45"
"09/19/2019 - 17:48","Soil Permittivity","1.2"
"09/19/2019 - 17:48","Soil Bulk EC (uS/cm)","0"
"09/19/2019 - 17:48","Soil Pore Water EC (uS/cm)","0"
"09/19/2019 - 17:48","Battery Voltage (V)","6.64"
"09/19/2019 - 17:54","Volumetric Water Content (%)","0"
"09/19/2019 - 17:54","Soil Temp (C)","28.56"
"09/19/2019 - 17:54","Soil Permittivity","1.2"
"09/19/2019 - 17:54","Soil Bulk EC (uS/cm)","0"
"09/19/2019 - 17:54","Soil Pore Water EC (uS/cm)","0"
"09/19/2019 - 17:54","Battery Voltage (V)","6.63"
"09/19/2019 - 18:03","Volumetric Water Content (%)","0"
"09/19/2019 - 18:03","Soil Temp (C)","28.56"
"09/19/2019 - 18:03","Soil Permittivity","1.2"
"09/19/2019 - 18:03","Soil Bulk EC (uS/cm)","0"
"09/19/2019 - 18:03","Soil Pore Water EC (uS/cm)","0"
"09/19/2019 - 18:03","Battery Voltage (V)","6.64"
"09/19/2019 - 18:39","Volumetric Water Content (%)","115.45"
"09/19/2019 - 18:39","Soil Temp (C)","24.35"
"09/19/2019 - 18:39","Soil Permittivity","90.82"
"09/19/2019 - 18:39","Soil Bulk EC (uS/cm)","251.95"
"09/19/2019 - 18:39","Soil Pore Water EC (uS/cm)","265.14"
"09/19/2019 - 18:39","Battery Voltage (V)","6.63"
"09/19/2019 - 19:16","Volumetric Water Content (%)","115.45"
"09/19/2019 - 19:16","Soil Temp (C)","24.49"
"09/19/2019 - 19:16","Soil Permittivity","90.82"
"09/19/2019 - 19:16","Soil Bulk EC (uS/cm)","251.95"
"09/19/2019 - 19:16","Soil Pore Water EC (uS/cm)","265.14"
"09/19/2019 - 19:16","Battery Voltage (V)","6.63"
"09/19/2019 - 19:52","Volumetric Water Content (%)","115.45"
"09/19/2019 - 19:52","Soil Temp (C)","24.6"
"09/19/2019 - 19:52","Soil Permittivity","90.82"
"09/19/2019 - 19:52","Soil Bulk EC (uS/cm)","251.95"
"09/19/2019 - 19:52","Soil Pore Water EC (uS/cm)","265.14"
"09/19/2019 - 19:52","Battery Voltage (V)","6.63"
"09/19/2019 - 20:29","Volumetric Water Content (%)","9.96"
"09/19/2019 - 20:29","Soil Temp (C)","25.79"
"09/19/2019 - 20:29","Soil Permittivity","6.12"
"09/19/2019 - 20:29","Soil Bulk EC (uS/cm)","62.39"
"09/19/2019 - 20:29","Soil Pore Water EC (uS/cm)","2179.69"
"09/19/2019 - 20:29","Battery Voltage (V)","6.61"
"09/19/2019 - 21:05","Volumetric Water Content (%)","10.08"
"09/19/2019 - 21:05","Soil Temp (C)","24.97"
"09/19/2019 - 21:05","Soil Permittivity","6.24"
"09/19/2019 - 21:05","Soil Bulk EC (uS/cm)","62.39"
"09/19/2019 - 21:05","Soil Pore Water EC (uS/cm)","2189.94"
"09/19/2019 - 21:05","Battery Voltage (V)","6.63"
"09/19/2019 - 21:32","Volumetric Water Content (%)","10.08"
"09/19/2019 - 21:32","Soil Temp (C)","24.49"
"09/19/2019 - 21:32","Soil Permittivity","6.24"
"09/19/2019 - 21:32","Soil Bulk EC (uS/cm)","62.39"
"09/19/2019 - 21:32","Soil Pore Water EC (uS/cm)","2189.94"
"09/19/2019 - 21:32","Battery Voltage (V)","6.61"
"09/19/2019 - 21:38","Volumetric Water Content (%)","10.08"
"09/19/2019 - 21:38","Soil Temp (C)","24.35"
"09/19/2019 - 21:38","Soil Permittivity","6.24"
"09/19/2019 - 21:38","Soil Bulk EC (uS/cm)","60.01"
"09/19/2019 - 21:38","Soil Pore Water EC (uS/cm)","2106.45"
"09/19/2019 - 21:38","Battery Voltage (V)","6.63"
"09/19/2019 - 21:45","Volumetric Water Content (%)","34.31"
"09/19/2019 - 21:45","Soil Temp (C)","24.01"
"09/19/2019 - 21:45","Soil Permittivity","18.84"
"09/19/2019 - 21:45","Soil Bulk EC (uS/cm)","535.03"
"09/19/2019 - 21:45","Soil Pore Water EC (uS/cm)","3665.04"
"09/19/2019 - 21:45","Battery Voltage (V)","6.63"
"09/19/2019 - 21:51","Volumetric Water Content (%)","34.45"
"09/19/2019 - 21:51","Soil Temp (C)","23.64"
"09/19/2019 - 21:51","Soil Permittivity","18.84"
"09/19/2019 - 21:51","Soil Bulk EC (uS/cm)","532.84"
"09/19/2019 - 21:51","Soil Pore Water EC (uS/cm)","3629.88"
"09/19/2019 - 21:51","Battery Voltage (V)","6.61"
"09/19/2019 - 21:57","Volumetric Water Content (%)","34.68"
"09/19/2019 - 21:57","Soil Temp (C)","23.64"
"09/19/2019 - 21:57","Soil Permittivity","19.08"
"09/19/2019 - 21:57","Soil Bulk EC (uS/cm)","532.84"
"09/19/2019 - 21:57","Soil Pore Water EC (uS/cm)","3591.8"
"09/19/2019 - 21:57","Battery Voltage (V)","6.63"
"09/19/2019 - 22:03","Volumetric Water Content (%)","34.45"
"09/19/2019 - 22:03","Soil Temp (C)","23.64"
"09/19/2019 - 22:03","Soil Permittivity","18.84"
"09/19/2019 - 22:03","Soil Bulk EC (uS/cm)","525.51"
"09/19/2019 - 22:03","Soil Pore Water EC (uS/cm)","3580.08"
"09/19/2019 - 22:03","Battery Voltage (V)","6.63"
"09/19/2019 - 22:09","Volumetric Water Content (%)","34.31"
"09/19/2019 - 22:09","Soil Temp (C)","23.64"
"09/19/2019 - 22:09","Soil Permittivity","18.84"
"09/19/2019 - 22:09","Soil Bulk EC (uS/cm)","520.75"
"09/19/2019 - 22:09","Soil Pore Water EC (uS/cm)","3565.43"
"09/19/2019 - 22:09","Battery Voltage (V)","6.63"
"09/19/2019 - 22:16","Volumetric Water Content (%)","34.08"
"09/19/2019 - 22:16","Soil Temp (C)","23.53"
"09/19/2019 - 22:16","Soil Permittivity","18.72"
"09/19/2019 - 22:16","Soil Bulk EC (uS/cm)","520.75"
"09/19/2019 - 22:16","Soil Pore Water EC (uS/cm)","3603.52"
"09/19/2019 - 22:16","Battery Voltage (V)","6.63"
"09/19/2019 - 22:22","Volumetric Water Content (%)","34.08"
"09/19/2019 - 22:22","Soil Temp (C)","23.53"
"09/19/2019 - 22:22","Soil Permittivity","18.6"
"09/19/2019 - 22:22","Soil Bulk EC (uS/cm)","513.43"
"09/19/2019 - 22:22","Soil Pore Water EC (uS/cm)","3571.29"
"09/19/2019 - 22:22","Battery Voltage (V)","6.63"
"09/19/2019 - 22:28","Volumetric Water Content (%)","33.71"
"09/19/2019 - 22:28","Soil Temp (C)","23.4"
"09/19/2019 - 22:28","Soil Permittivity","18.36"
"09/19/2019 - 22:28","Soil Bulk EC (uS/cm)","511.23"
"09/19/2019 - 22:28","Soil Pore Water EC (uS/cm)","3609.38"
"09/19/2019 - 22:28","Battery Voltage (V)","6.63"
"09/19/2019 - 22:34","Volumetric Water Content (%)","33.6"
"09/19/2019 - 22:34","Soil Temp (C)","23.28"
"09/19/2019 - 22:34","Soil Permittivity","18.36"
"09/19/2019 - 22:34","Soil Bulk EC (uS/cm)","508.67"
"09/19/2019 - 22:34","Soil Pore Water EC (uS/cm)","3612.3"
"09/19/2019 - 22:34","Battery Voltage (V)","6.63"
"09/19/2019 - 22:40","Volumetric Water Content (%)","33.23"
"09/19/2019 - 22:40","Soil Temp (C)","23.16"
"09/19/2019 - 22:40","Soil Permittivity","18.12"
"09/19/2019 - 22:40","Soil Bulk EC (uS/cm)","507.57"
"09/19/2019 - 22:40","Soil Pore Water EC (uS/cm)","3659.18"
"09/19/2019 - 22:40","Battery Voltage (V)","6.61"
"09/19/2019 - 22:47","Volumetric Water Content (%)","33.23"
"09/19/2019 - 22:47","Soil Temp (C)","23.16"
"09/19/2019 - 22:47","Soil Permittivity","18.12"
"09/19/2019 - 22:47","Soil Bulk EC (uS/cm)","507.57"
"09/19/2019 - 22:47","Soil Pore Water EC (uS/cm)","3659.18"
"09/19/2019 - 22:47","Battery Voltage (V)","6.61"
"09/19/2019 - 22:53","Volumetric Water Content (%)","33.23"
"09/19/2019 - 22:53","Soil Temp (C)","23.16"
"09/19/2019 - 22:53","Soil Permittivity","18.12"
"09/19/2019 - 22:53","Soil Bulk EC (uS/cm)","505.37"
"09/19/2019 - 22:53","Soil Pore Water EC (uS/cm)","3644.53"
"09/19/2019 - 22:53","Battery Voltage (V)","6.61"
"09/19/2019 - 22:59","Volumetric Water Content (%)","43.33"
"09/19/2019 - 22:59","Soil Temp (C)","23.04"
"09/19/2019 - 22:59","Soil Permittivity","25.57"
"09/19/2019 - 22:59","Soil Bulk EC (uS/cm)","700.93"
"09/19/2019 - 22:59","Soil Pore Water EC (uS/cm)","3231.45"
"09/19/2019 - 22:59","Battery Voltage (V)","6.59"
"09/19/2019 - 23:05","Volumetric Water Content (%)","47.65"
"09/19/2019 - 23:05","Soil Temp (C)","22.8"
"09/19/2019 - 23:05","Soil Permittivity","29.64"
"09/19/2019 - 23:05","Soil Bulk EC (uS/cm)","823.24"
"09/19/2019 - 23:05","Soil Pore Water EC (uS/cm)","3187.5"
"09/19/2019 - 23:05","Battery Voltage (V)","6.61"
"09/19/2019 - 23:11","Volumetric Water Content (%)","44.77"
"09/19/2019 - 23:11","Soil Temp (C)","22.56"
"09/19/2019 - 23:11","Soil Permittivity","26.87"
"09/19/2019 - 23:11","Soil Bulk EC (uS/cm)","705.69"
"09/19/2019 - 23:11","Soil Pore Water EC (uS/cm)","3067.38"
"09/19/2019 - 23:11","Battery Voltage (V)","6.63"
"09/19/2019 - 23:17","Volumetric Water Content (%)","43.92"
"09/19/2019 - 23:17","Soil Temp (C)","22.32"
"09/19/2019 - 23:17","Soil Permittivity","26.05"
"09/19/2019 - 23:17","Soil Bulk EC (uS/cm)","649.29"
"09/19/2019 - 23:17","Soil Pore Water EC (uS/cm)","2935.55"
"09/19/2019 - 23:17","Battery Voltage (V)","6.61"
"09/19/2019 - 23:24","Volumetric Water Content (%)","43.08"
"09/19/2019 - 23:24","Soil Temp (C)","22.32"
"09/19/2019 - 23:24","Soil Permittivity","25.31"
"09/19/2019 - 23:24","Soil Bulk EC (uS/cm)","607.18"
"09/19/2019 - 23:24","Soil Pore Water EC (uS/cm)","2834.47"
"09/19/2019 - 23:24","Battery Voltage (V)","6.59"
"09/19/2019 - 23:30","Volumetric Water Content (%)","42.85"
"09/19/2019 - 23:30","Soil Temp (C)","22.2"
"09/19/2019 - 23:30","Soil Permittivity","25.2"
"09/19/2019 - 23:30","Soil Bulk EC (uS/cm)","581.91"
"09/19/2019 - 23:30","Soil Pore Water EC (uS/cm)","2737.79"
"09/19/2019 - 23:30","Battery Voltage (V)","6.59"
"09/19/2019 - 23:36","Volumetric Water Content (%)","42.11"
"09/19/2019 - 23:36","Soil Temp (C)","22.2"
"09/19/2019 - 23:36","Soil Permittivity","24.6"
"09/19/2019 - 23:36","Soil Bulk EC (uS/cm)","567.63"
"09/19/2019 - 23:36","Soil Pore Water EC (uS/cm)","2758.3"
"09/19/2019 - 23:36","Battery Voltage (V)","6.57"
"09/19/2019 - 23:42","Volumetric Water Content (%)","42.23"
"09/19/2019 - 23:42","Soil Temp (C)","22.2"
"09/19/2019 - 23:42","Soil Permittivity","24.6"
"09/19/2019 - 23:42","Soil Bulk EC (uS/cm)","549.68"
"09/19/2019 - 23:42","Soil Pore Water EC (uS/cm)","2660.16"
"09/19/2019 - 23:42","Battery Voltage (V)","6.59"
"09/19/2019 - 23:48","Volumetric Water Content (%)","42"
"09/19/2019 - 23:48","Soil Temp (C)","22.2"
"09/19/2019 - 23:48","Soil Permittivity","24.49"
"09/19/2019 - 23:48","Soil Bulk EC (uS/cm)","535.03"
"09/19/2019 - 23:48","Soil Pore Water EC (uS/cm)","2611.82"
"09/19/2019 - 23:48","Battery Voltage (V)","6.57"
"09/19/2019 - 23:55","Volumetric Water Content (%)","41.63"
"09/19/2019 - 23:55","Soil Temp (C)","22.32"
"09/19/2019 - 23:55","Soil Permittivity","24.12"
"09/19/2019 - 23:55","Soil Bulk EC (uS/cm)","525.51"
"09/19/2019 - 23:55","Soil Pore Water EC (uS/cm)","2608.89"
"09/19/2019 - 23:55","Battery Voltage (V)","6.61"
"09/20/2019 - 00:01","Volumetric Water Content (%)","41.77"
"09/20/2019 - 00:01","Soil Temp (C)","22.32"
"09/20/2019 - 00:01","Soil Permittivity","24.24"
"09/20/2019 - 00:01","Soil Bulk EC (uS/cm)","520.75"
"09/20/2019 - 00:01","Soil Pore Water EC (uS/cm)","2573.73"
"09/20/2019 - 00:01","Battery Voltage (V)","6.61"
"09/20/2019 - 00:07","Volumetric Water Content (%)","41.52"
"09/20/2019 - 00:07","Soil Temp (C)","22.32"
"09/20/2019 - 00:07","Soil Permittivity","24.01"
"09/20/2019 - 00:07","Soil Bulk EC (uS/cm)","513.43"
"09/20/2019 - 00:07","Soil Pore Water EC (uS/cm)","2559.08"
"09/20/2019 - 00:07","Battery Voltage (V)","6.59"
"09/20/2019 - 00:13","Volumetric Water Content (%)","41.29"
"09/20/2019 - 00:13","Soil Temp (C)","22.32"
"09/20/2019 - 00:13","Soil Permittivity","23.87"
"09/20/2019 - 00:13","Soil Bulk EC (uS/cm)","508.67"
"09/20/2019 - 00:13","Soil Pore Water EC (uS/cm)","2557.62"
"09/20/2019 - 00:13","Battery Voltage (V)","6.61"
"09/20/2019 - 00:19","Volumetric Water Content (%)","41.29"
"09/20/2019 - 00:19","Soil Temp (C)","22.32"
"09/20/2019 - 00:19","Soil Permittivity","23.76"
"09/20/2019 - 00:19","Soil Bulk EC (uS/cm)","505.37"
"09/20/2019 - 00:19","Soil Pore Water EC (uS/cm)","2550.29"
"09/20/2019 - 00:19","Battery Voltage (V)","6.61"
"09/20/2019 - 00:26","Volumetric Water Content (%)","41.04"
"09/20/2019 - 00:26","Soil Temp (C)","22.44"
"09/20/2019 - 00:26","Soil Permittivity","23.64"
"09/20/2019 - 00:26","Soil Bulk EC (uS/cm)","498.05"
"09/20/2019 - 00:26","Soil Pore Water EC (uS/cm)","2534.18"
"09/20/2019 - 00:26","Battery Voltage (V)","6.61"
"09/20/2019 - 00:32","Volumetric Water Content (%)","41.29"
"09/20/2019 - 00:32","Soil Temp (C)","22.44"
"09/20/2019 - 00:32","Soil Permittivity","23.87"
"09/20/2019 - 00:32","Soil Bulk EC (uS/cm)","493.29"
"09/20/2019 - 00:32","Soil Pore Water EC (uS/cm)","2478.52"
"09/20/2019 - 00:32","Battery Voltage (V)","6.57"
"09/20/2019 - 00:38","Volumetric Water Content (%)","41.15"
"09/20/2019 - 00:38","Soil Temp (C)","22.56"
"09/20/2019 - 00:38","Soil Permittivity","23.76"
"09/20/2019 - 00:38","Soil Bulk EC (uS/cm)","488.53"
"09/20/2019 - 00:38","Soil Pore Water EC (uS/cm)","2475.59"
"09/20/2019 - 00:38","Battery Voltage (V)","6.59"
"09/20/2019 - 00:44","Volumetric Water Content (%)","41.04"
"09/20/2019 - 00:44","Soil Temp (C)","22.56"
"09/20/2019 - 00:44","Soil Permittivity","23.64"
"09/20/2019 - 00:44","Soil Bulk EC (uS/cm)","485.96"
"09/20/2019 - 00:44","Soil Pore Water EC (uS/cm)","2472.66"
"09/20/2019 - 00:44","Battery Voltage (V)","6.57"
"09/20/2019 - 00:50","Volumetric Water Content (%)","40.92"
"09/20/2019 - 00:50","Soil Temp (C)","22.56"
"09/20/2019 - 00:50","Soil Permittivity","23.53"
"09/20/2019 - 00:50","Soil Bulk EC (uS/cm)","480.1"
"09/20/2019 - 00:50","Soil Pore Water EC (uS/cm)","2453.61"
"09/20/2019 - 00:50","Battery Voltage (V)","6.61"
"09/20/2019 - 00:57","Volumetric Water Content (%)","40.92"
"09/20/2019 - 00:57","Soil Temp (C)","22.56"
"09/20/2019 - 00:57","Soil Permittivity","23.53"
"09/20/2019 - 00:57","Soil Bulk EC (uS/cm)","480.1"
"09/20/2019 - 00:57","Soil Pore Water EC (uS/cm)","2453.61"
"09/20/2019 - 00:57","Battery Voltage (V)","6.59"
"09/20/2019 - 01:03","Volumetric Water Content (%)","40.81"
"09/20/2019 - 01:03","Soil Temp (C)","22.56"
"09/20/2019 - 01:03","Soil Permittivity","23.53"
"09/20/2019 - 01:03","Soil Bulk EC (uS/cm)","477.54"
"09/20/2019 - 01:03","Soil Pore Water EC (uS/cm)","2452.15"
"09/20/2019 - 01:03","Battery Voltage (V)","6.61"
"09/20/2019 - 01:09","Volumetric Water Content (%)","40.56"
"09/20/2019 - 01:09","Soil Temp (C)","22.56"
"09/20/2019 - 01:09","Soil Permittivity","23.28"
"09/20/2019 - 01:09","Soil Bulk EC (uS/cm)","477.54"
"09/20/2019 - 01:09","Soil Pore Water EC (uS/cm)","2482.91"
"09/20/2019 - 01:09","Battery Voltage (V)","6.61"
"09/20/2019 - 01:15","Volumetric Water Content (%)","40.56"
"09/20/2019 - 01:15","Soil Temp (C)","22.56"
"09/20/2019 - 01:15","Soil Permittivity","23.28"
"09/20/2019 - 01:15","Soil Bulk EC (uS/cm)","475.34"
"09/20/2019 - 01:15","Soil Pore Water EC (uS/cm)","2459.47"
"09/20/2019 - 01:15","Battery Voltage (V)","6.59"
"09/20/2019 - 01:21","Volumetric Water Content (%)","40.56"
"09/20/2019 - 01:21","Soil Temp (C)","22.56"
"09/20/2019 - 01:21","Soil Permittivity","23.28"
"09/20/2019 - 01:21","Soil Bulk EC (uS/cm)","472.78"
"09/20/2019 - 01:21","Soil Pore Water EC (uS/cm)","2459.47"
"09/20/2019 - 01:21","Battery Voltage (V)","6.56"
"09/20/2019 - 01:27","Volumetric Water Content (%)","40.56"
"09/20/2019 - 01:27","Soil Temp (C)","22.56"
"09/20/2019 - 01:27","Soil Permittivity","23.28"
"09/20/2019 - 01:27","Soil Bulk EC (uS/cm)","470.58"
"09/20/2019 - 01:27","Soil Pore Water EC (uS/cm)","2446.29"
"09/20/2019 - 01:27","Battery Voltage (V)","6.57"
"09/20/2019 - 01:34","Volumetric Water Content (%)","40.56"
"09/20/2019 - 01:34","Soil Temp (C)","22.56"
"09/20/2019 - 01:34","Soil Permittivity","23.28"
"09/20/2019 - 01:34","Soil Bulk EC (uS/cm)","466.92"
"09/20/2019 - 01:34","Soil Pore Water EC (uS/cm)","2427.25"
"09/20/2019 - 01:34","Battery Voltage (V)","6.59"
"09/20/2019 - 01:40","Volumetric Water Content (%)","40.44"
"09/20/2019 - 01:40","Soil Temp (C)","22.56"
"09/20/2019 - 01:40","Soil Permittivity","23.16"
"09/20/2019 - 01:40","Soil Bulk EC (uS/cm)","468.02"
"09/20/2019 - 01:40","Soil Pore Water EC (uS/cm)","2444.82"
"09/20/2019 - 01:40","Battery Voltage (V)","6.59"
"09/20/2019 - 01:46","Volumetric Water Content (%)","40.56"
"09/20/2019 - 01:46","Soil Temp (C)","22.56"
"09/20/2019 - 01:46","Soil Permittivity","23.28"
"09/20/2019 - 01:46","Soil Bulk EC (uS/cm)","466.92"
"09/20/2019 - 01:46","Soil Pore Water EC (uS/cm)","2427.25"
"09/20/2019 - 01:46","Battery Voltage (V)","6.57"
"09/20/2019 - 01:52","Volumetric Water Content (%)","40.56"
"09/20/2019 - 01:52","Soil Temp (C)","22.56"
"09/20/2019 - 01:52","Soil Permittivity","23.28"
"09/20/2019 - 01:52","Soil Bulk EC (uS/cm)","464.36"
"09/20/2019 - 01:52","Soil Pore Water EC (uS/cm)","2414.06"
"09/20/2019 - 01:52","Battery Voltage (V)","6.57"
"09/20/2019 - 01:58","Volumetric Water Content (%)","40.44"
"09/20/2019 - 01:58","Soil Temp (C)","22.56"
"09/20/2019 - 01:58","Soil Permittivity","23.16"
"09/20/2019 - 01:58","Soil Bulk EC (uS/cm)","464.36"
"09/20/2019 - 01:58","Soil Pore Water EC (uS/cm)","2425.78"
"09/20/2019 - 01:58","Battery Voltage (V)","6.59"
"09/20/2019 - 02:05","Volumetric Water Content (%)","40.44"
"09/20/2019 - 02:05","Soil Temp (C)","22.56"
"09/20/2019 - 02:05","Soil Permittivity","23.16"
"09/20/2019 - 02:05","Soil Bulk EC (uS/cm)","462.16"
"09/20/2019 - 02:05","Soil Pore Water EC (uS/cm)","2412.6"
"09/20/2019 - 02:05","Battery Voltage (V)","6.59"
"09/20/2019 - 02:11","Volumetric Water Content (%)","40.19"
"09/20/2019 - 02:11","Soil Temp (C)","22.56"
"09/20/2019 - 02:11","Soil Permittivity","23.04"
"09/20/2019 - 02:11","Soil Bulk EC (uS/cm)","462.16"
"09/20/2019 - 02:11","Soil Pore Water EC (uS/cm)","2433.11"
"09/20/2019 - 02:11","Battery Voltage (V)","6.59"
"09/20/2019 - 02:17","Volumetric Water Content (%)","40.19"
"09/20/2019 - 02:17","Soil Temp (C)","22.56"
"09/20/2019 - 02:17","Soil Permittivity","23.04"
"09/20/2019 - 02:17","Soil Bulk EC (uS/cm)","459.59"
"09/20/2019 - 02:17","Soil Pore Water EC (uS/cm)","2419.92"
"09/20/2019 - 02:17","Battery Voltage (V)","6.56"
"09/20/2019 - 02:23","Volumetric Water Content (%)","40.19"
"09/20/2019 - 02:23","Soil Temp (C)","22.56"
"09/20/2019 - 02:23","Soil Permittivity","23.04"
"09/20/2019 - 02:23","Soil Bulk EC (uS/cm)","462.16"
"09/20/2019 - 02:23","Soil Pore Water EC (uS/cm)","2433.11"
"09/20/2019 - 02:23","Battery Voltage (V)","6.57"
"09/20/2019 - 02:29","Volumetric Water Content (%)","40.08"
"09/20/2019 - 02:29","Soil Temp (C)","22.56"
"09/20/2019 - 02:29","Soil Permittivity","22.92"
"09/20/2019 - 02:29","Soil Bulk EC (uS/cm)","459.59"
"09/20/2019 - 02:29","Soil Pore Water EC (uS/cm)","2431.64"
"09/20/2019 - 02:29","Battery Voltage (V)","6.59"
"09/20/2019 - 02:36","Volumetric Water Content (%)","40.08"
"09/20/2019 - 02:36","Soil Temp (C)","22.56"
"09/20/2019 - 02:36","Soil Permittivity","22.92"
"09/20/2019 - 02:36","Soil Bulk EC (uS/cm)","459.59"
"09/20/2019 - 02:36","Soil Pore Water EC (uS/cm)","2431.64"
"09/20/2019 - 02:36","Battery Voltage (V)","6.57"
"09/20/2019 - 02:42","Volumetric Water Content (%)","40.08"
"09/20/2019 - 02:42","Soil Temp (C)","22.56"
"09/20/2019 - 02:42","Soil Permittivity","22.92"
"09/20/2019 - 02:42","Soil Bulk EC (uS/cm)","457.03"
"09/20/2019 - 02:42","Soil Pore Water EC (uS/cm)","2419.92"
"09/20/2019 - 02:42","Battery Voltage (V)","6.59"
"09/20/2019 - 02:48","Volumetric Water Content (%)","40.08"
"09/20/2019 - 02:48","Soil Temp (C)","22.56"
"09/20/2019 - 02:48","Soil Permittivity","22.92"
"09/20/2019 - 02:48","Soil Bulk EC (uS/cm)","457.03"
"09/20/2019 - 02:48","Soil Pore Water EC (uS/cm)","2419.92"
"09/20/2019 - 02:48","Battery Voltage (V)","6.59"
"09/20/2019 - 02:54","Volumetric Water Content (%)","39.96"
"09/20/2019 - 02:54","Soil Temp (C)","22.44"
"09/20/2019 - 02:54","Soil Permittivity","22.92"
"09/20/2019 - 02:54","Soil Bulk EC (uS/cm)","457.03"
"09/20/2019 - 02:54","Soil Pore Water EC (uS/cm)","2428.71"
"09/20/2019 - 02:54","Battery Voltage (V)","6.56"
"09/20/2019 - 03:00","Volumetric Water Content (%)","40.08"
"09/20/2019 - 03:00","Soil Temp (C)","22.44"
"09/20/2019 - 03:00","Soil Permittivity","22.92"
"09/20/2019 - 03:00","Soil Bulk EC (uS/cm)","457.03"
"09/20/2019 - 03:00","Soil Pore Water EC (uS/cm)","2419.92"
"09/20/2019 - 03:00","Battery Voltage (V)","6.59"
"09/20/2019 - 03:07","Volumetric Water Content (%)","40.19"
"09/20/2019 - 03:07","Soil Temp (C)","22.44"
"09/20/2019 - 03:07","Soil Permittivity","23.04"
"09/20/2019 - 03:07","Soil Bulk EC (uS/cm)","457.03"
"09/20/2019 - 03:07","Soil Pore Water EC (uS/cm)","2408.2"
"09/20/2019 - 03:07","Battery Voltage (V)","6.57"
"09/20/2019 - 03:13","Volumetric Water Content (%)","40.19"
"09/20/2019 - 03:13","Soil Temp (C)","22.44"
"09/20/2019 - 03:13","Soil Permittivity","23.04"
"09/20/2019 - 03:13","Soil Bulk EC (uS/cm)","454.83"
"09/20/2019 - 03:13","Soil Pore Water EC (uS/cm)","2395.02"
"09/20/2019 - 03:13","Battery Voltage (V)","6.57"
"09/20/2019 - 03:19","Volumetric Water Content (%)","40.19"
"09/20/2019 - 03:19","Soil Temp (C)","22.44"
"09/20/2019 - 03:19","Soil Permittivity","23.04"
"09/20/2019 - 03:19","Soil Bulk EC (uS/cm)","454.83"
"09/20/2019 - 03:19","Soil Pore Water EC (uS/cm)","2395.02"
"09/20/2019 - 03:19","Battery Voltage (V)","6.57"
"09/20/2019 - 03:25","Volumetric Water Content (%)","40.33"
"09/20/2019 - 03:25","Soil Temp (C)","22.44"
"09/20/2019 - 03:25","Soil Permittivity","23.16"
"09/20/2019 - 03:25","Soil Bulk EC (uS/cm)","454.83"
"09/20/2019 - 03:25","Soil Pore Water EC (uS/cm)","2386.23"
"09/20/2019 - 03:25","Battery Voltage (V)","6.57"
"09/20/2019 - 03:31","Volumetric Water Content (%)","40.19"
"09/20/2019 - 03:31","Soil Temp (C)","22.32"
"09/20/2019 - 03:31","Soil Permittivity","23.04"
"09/20/2019 - 03:31","Soil Bulk EC (uS/cm)","454.83"
"09/20/2019 - 03:31","Soil Pore Water EC (uS/cm)","2395.02"
"09/20/2019 - 03:31","Battery Voltage (V)","6.56"
"09/20/2019 - 03:37","Volumetric Water Content (%)","40.08"
"09/20/2019 - 03:37","Soil Temp (C)","22.32"
"09/20/2019 - 03:37","Soil Permittivity","22.92"
"09/20/2019 - 03:37","Soil Bulk EC (uS/cm)","457.03"
"09/20/2019 - 03:37","Soil Pore Water EC (uS/cm)","2419.92"
"09/20/2019 - 03:37","Battery Voltage (V)","6.57"
"09/20/2019 - 03:44","Volumetric Water Content (%)","40.08"
"09/20/2019 - 03:44","Soil Temp (C)","22.32"
"09/20/2019 - 03:44","Soil Permittivity","22.92"
"09/20/2019 - 03:44","Soil Bulk EC (uS/cm)","454.83"
"09/20/2019 - 03:44","Soil Pore Water EC (uS/cm)","2405.27"
"09/20/2019 - 03:44","Battery Voltage (V)","6.56"
"09/20/2019 - 03:50","Volumetric Water Content (%)","39.85"
"09/20/2019 - 03:50","Soil Temp (C)","22.32"
"09/20/2019 - 03:50","Soil Permittivity","22.68"
"09/20/2019 - 03:50","Soil Bulk EC (uS/cm)","454.83"
"09/20/2019 - 03:50","Soil Pore Water EC (uS/cm)","2437.5"
"09/20/2019 - 03:50","Battery Voltage (V)","6.57"
"09/20/2019 - 03:56","Volumetric Water Content (%)","39.85"
"09/20/2019 - 03:56","Soil Temp (C)","22.32"
"09/20/2019 - 03:56","Soil Permittivity","22.68"
"09/20/2019 - 03:56","Soil Bulk EC (uS/cm)","454.83"
"09/20/2019 - 03:56","Soil Pore Water EC (uS/cm)","2437.5"
"09/20/2019 - 03:56","Battery Voltage (V)","6.57"
"09/20/2019 - 04:02","Volumetric Water Content (%)","39.85"
"09/20/2019 - 04:02","Soil Temp (C)","22.32"
"09/20/2019 - 04:02","Soil Permittivity","22.68"
"09/20/2019 - 04:02","Soil Bulk EC (uS/cm)","454.83"
"09/20/2019 - 04:02","Soil Pore Water EC (uS/cm)","2437.5"
"09/20/2019 - 04:02","Battery Voltage (V)","6.57"
"09/20/2019 - 04:08","Volumetric Water Content (%)","39.85"
"09/20/2019 - 04:08","Soil Temp (C)","22.32"
"09/20/2019 - 04:08","Soil Permittivity","22.68"
"09/20/2019 - 04:08","Soil Bulk EC (uS/cm)","454.83"
"09/20/2019 - 04:08","Soil Pore Water EC (uS/cm)","2437.5"
"09/20/2019 - 04:08","Battery Voltage (V)","6.54"
"09/20/2019 - 04:15","Volumetric Water Content (%)","39.71"
"09/20/2019 - 04:15","Soil Temp (C)","22.32"
"09/20/2019 - 04:15","Soil Permittivity","22.68"
"09/20/2019 - 04:15","Soil Bulk EC (uS/cm)","454.83"
"09/20/2019 - 04:15","Soil Pore Water EC (uS/cm)","2447.75"
"09/20/2019 - 04:15","Battery Voltage (V)","6.57"
"09/20/2019 - 04:21","Volumetric Water Content (%)","39.71"
"09/20/2019 - 04:21","Soil Temp (C)","22.32"
"09/20/2019 - 04:21","Soil Permittivity","22.68"
"09/20/2019 - 04:21","Soil Bulk EC (uS/cm)","454.83"
"09/20/2019 - 04:21","Soil Pore Water EC (uS/cm)","2447.75"
"09/20/2019 - 04:21","Battery Voltage (V)","6.57"
"09/20/2019 - 04:27","Volumetric Water Content (%)","39.71"
"09/20/2019 - 04:27","Soil Temp (C)","22.2"
"09/20/2019 - 04:27","Soil Permittivity","22.68"
"09/20/2019 - 04:27","Soil Bulk EC (uS/cm)","454.83"
"09/20/2019 - 04:27","Soil Pore Water EC (uS/cm)","2447.75"
"09/20/2019 - 04:27","Battery Voltage (V)","6.57"
"09/20/2019 - 04:33","Volumetric Water Content (%)","39.71"
"09/20/2019 - 04:33","Soil Temp (C)","22.32"
"09/20/2019 - 04:33","Soil Permittivity","22.68"
"09/20/2019 - 04:33","Soil Bulk EC (uS/cm)","454.83"
"09/20/2019 - 04:33","Soil Pore Water EC (uS/cm)","2447.75"
"09/20/2019 - 04:33","Battery Voltage (V)","6.57"
"09/20/2019 - 04:39","Volumetric Water Content (%)","39.85"
"09/20/2019 - 04:39","Soil Temp (C)","22.2"
"09/20/2019 - 04:39","Soil Permittivity","22.68"
"09/20/2019 - 04:39","Soil Bulk EC (uS/cm)","454.83"
"09/20/2019 - 04:39","Soil Pore Water EC (uS/cm)","2437.5"
"09/20/2019 - 04:39","Battery Voltage (V)","6.57"
"09/20/2019 - 04:46","Volumetric Water Content (%)","39.71"
"09/20/2019 - 04:46","Soil Temp (C)","22.32"
"09/20/2019 - 04:46","Soil Permittivity","22.68"
"09/20/2019 - 04:46","Soil Bulk EC (uS/cm)","457.03"
"09/20/2019 - 04:46","Soil Pore Water EC (uS/cm)","2460.94"
"09/20/2019 - 04:46","Battery Voltage (V)","6.56"
"09/20/2019 - 04:52","Volumetric Water Content (%)","39.6"
"09/20/2019 - 04:52","Soil Temp (C)","22.32"
"09/20/2019 - 04:52","Soil Permittivity","22.56"
"09/20/2019 - 04:52","Soil Bulk EC (uS/cm)","457.03"
"09/20/2019 - 04:52","Soil Pore Water EC (uS/cm)","2472.66"
"09/20/2019 - 04:52","Battery Voltage (V)","6.57"
"09/20/2019 - 04:58","Volumetric Water Content (%)","39.71"
"09/20/2019 - 04:58","Soil Temp (C)","22.2"
"09/20/2019 - 04:58","Soil Permittivity","22.68"
"09/20/2019 - 04:58","Soil Bulk EC (uS/cm)","457.03"
"09/20/2019 - 04:58","Soil Pore Water EC (uS/cm)","2460.94"
"09/20/2019 - 04:58","Battery Voltage (V)","6.56"
"09/20/2019 - 05:04","Volumetric Water Content (%)","39.71"
"09/20/2019 - 05:04","Soil Temp (C)","22.2"
"09/20/2019 - 05:04","Soil Permittivity","22.68"
"09/20/2019 - 05:04","Soil Bulk EC (uS/cm)","454.83"
"09/20/2019 - 05:04","Soil Pore Water EC (uS/cm)","2447.75"
"09/20/2019 - 05:04","Battery Voltage (V)","6.54"
"09/20/2019 - 05:10","Volumetric Water Content (%)","39.71"
"09/20/2019 - 05:10","Soil Temp (C)","22.2"
"09/20/2019 - 05:10","Soil Permittivity","22.68"
"09/20/2019 - 05:10","Soil Bulk EC (uS/cm)","457.03"
"09/20/2019 - 05:10","Soil Pore Water EC (uS/cm)","2460.94"
"09/20/2019 - 05:10","Battery Voltage (V)","6.54"
"09/20/2019 - 05:17","Volumetric Water Content (%)","39.71"
"09/20/2019 - 05:17","Soil Temp (C)","22.2"
"09/20/2019 - 05:17","Soil Permittivity","22.68"
"09/20/2019 - 05:17","Soil Bulk EC (uS/cm)","454.83"
"09/20/2019 - 05:17","Soil Pore Water EC (uS/cm)","2447.75"
"09/20/2019 - 05:17","Battery Voltage (V)","6.52"
"09/20/2019 - 05:23","Volumetric Water Content (%)","39.6"
"09/20/2019 - 05:23","Soil Temp (C)","22.2"
"09/20/2019 - 05:23","Soil Permittivity","22.56"
"09/20/2019 - 05:23","Soil Bulk EC (uS/cm)","457.03"
"09/20/2019 - 05:23","Soil Pore Water EC (uS/cm)","2472.66"
"09/20/2019 - 05:23","Battery Voltage (V)","6.57"
"09/20/2019 - 05:29","Volumetric Water Content (%)","39.6"
"09/20/2019 - 05:29","Soil Temp (C)","22.2"
"09/20/2019 - 05:29","Soil Permittivity","22.56"
"09/20/2019 - 05:29","Soil Bulk EC (uS/cm)","457.03"
"09/20/2019 - 05:29","Soil Pore Water EC (uS/cm)","2472.66"
"09/20/2019 - 05:29","Battery Voltage (V)","6.56"
"09/20/2019 - 05:35","Volumetric Water Content (%)","39.6"
"09/20/2019 - 05:35","Soil Temp (C)","22.2"
"09/20/2019 - 05:35","Soil Permittivity","22.56"
"09/20/2019 - 05:35","Soil Bulk EC (uS/cm)","454.83"
"09/20/2019 - 05:35","Soil Pore Water EC (uS/cm)","2459.47"
"09/20/2019 - 05:35","Battery Voltage (V)","6.56"
"09/20/2019 - 05:41","Volumetric Water Content (%)","39.48"
"09/20/2019 - 05:41","Soil Temp (C)","22.2"
"09/20/2019 - 05:41","Soil Permittivity","22.44"
"09/20/2019 - 05:41","Soil Bulk EC (uS/cm)","457.03"
"09/20/2019 - 05:41","Soil Pore Water EC (uS/cm)","2482.91"
"09/20/2019 - 05:41","Battery Voltage (V)","6.57"
"09/20/2019 - 05:47","Volumetric Water Content (%)","39.6"
"09/20/2019 - 05:47","Soil Temp (C)","22.2"
"09/20/2019 - 05:47","Soil Permittivity","22.56"
"09/20/2019 - 05:47","Soil Bulk EC (uS/cm)","457.03"
"09/20/2019 - 05:47","Soil Pore Water EC (uS/cm)","2472.66"
"09/20/2019 - 05:47","Battery Voltage (V)","6.52"
"09/20/2019 - 05:54","Volumetric Water Content (%)","39.48"
"09/20/2019 - 05:54","Soil Temp (C)","22.2"
"09/20/2019 - 05:54","Soil Permittivity","22.44"
"09/20/2019 - 05:54","Soil Bulk EC (uS/cm)","454.83"
"09/20/2019 - 05:54","Soil Pore Water EC (uS/cm)","2469.73"
"09/20/2019 - 05:54","Battery Voltage (V)","6.54"
"09/20/2019 - 06:00","Volumetric Water Content (%)","39.6"
"09/20/2019 - 06:00","Soil Temp (C)","22.08"
"09/20/2019 - 06:00","Soil Permittivity","22.56"
"09/20/2019 - 06:00","Soil Bulk EC (uS/cm)","454.83"
"09/20/2019 - 06:00","Soil Pore Water EC (uS/cm)","2459.47"
"09/20/2019 - 06:00","Battery Voltage (V)","6.56"
"09/20/2019 - 06:06","Volumetric Water Content (%)","39.6"
"09/20/2019 - 06:06","Soil Temp (C)","22.08"
"09/20/2019 - 06:06","Soil Permittivity","22.56"
"09/20/2019 - 06:06","Soil Bulk EC (uS/cm)","454.83"
"09/20/2019 - 06:06","Soil Pore Water EC (uS/cm)","2459.47"
"09/20/2019 - 06:06","Battery Voltage (V)","6.57"
"09/20/2019 - 06:12","Volumetric Water Content (%)","39.6"
"09/20/2019 - 06:12","Soil Temp (C)","22.08"
"09/20/2019 - 06:12","Soil Permittivity","22.56"
"09/20/2019 - 06:12","Soil Bulk EC (uS/cm)","454.83"
"09/20/2019 - 06:12","Soil Pore Water EC (uS/cm)","2459.47"
"09/20/2019 - 06:12","Battery Voltage (V)","6.56"
"09/20/2019 - 06:18","Volumetric Water Content (%)","39.48"
"09/20/2019 - 06:18","Soil Temp (C)","22.08"
"09/20/2019 - 06:18","Soil Permittivity","22.44"
"09/20/2019 - 06:18","Soil Bulk EC (uS/cm)","454.83"
"09/20/2019 - 06:18","Soil Pore Water EC (uS/cm)","2469.73"
"09/20/2019 - 06:18","Battery Voltage (V)","6.54"
"09/20/2019 - 06:25","Volumetric Water Content (%)","39.48"
"09/20/2019 - 06:25","Soil Temp (C)","21.96"
"09/20/2019 - 06:25","Soil Permittivity","22.44"
"09/20/2019 - 06:25","Soil Bulk EC (uS/cm)","457.03"
"09/20/2019 - 06:25","Soil Pore Water EC (uS/cm)","2482.91"
"09/20/2019 - 06:25","Battery Voltage (V)","6.56"
"09/20/2019 - 06:31","Volumetric Water Content (%)","39.48"
"09/20/2019 - 06:31","Soil Temp (C)","21.96"
"09/20/2019 - 06:31","Soil Permittivity","22.44"
"09/20/2019 - 06:31","Soil Bulk EC (uS/cm)","454.83"
"09/20/2019 - 06:31","Soil Pore Water EC (uS/cm)","2469.73"
"09/20/2019 - 06:31","Battery Voltage (V)","6.54"
"09/20/2019 - 06:37","Volumetric Water Content (%)","39.48"
"09/20/2019 - 06:37","Soil Temp (C)","21.96"
"09/20/2019 - 06:37","Soil Permittivity","22.44"
"09/20/2019 - 06:37","Soil Bulk EC (uS/cm)","457.03"
"09/20/2019 - 06:37","Soil Pore Water EC (uS/cm)","2482.91"
"09/20/2019 - 06:37","Battery Voltage (V)","6.56"
"09/20/2019 - 06:43","Volumetric Water Content (%)","39.37"
"09/20/2019 - 06:43","Soil Temp (C)","21.96"
"09/20/2019 - 06:43","Soil Permittivity","22.44"
"09/20/2019 - 06:43","Soil Bulk EC (uS/cm)","457.03"
"09/20/2019 - 06:43","Soil Pore Water EC (uS/cm)","2493.16"
"09/20/2019 - 06:43","Battery Voltage (V)","6.56"
"09/20/2019 - 06:49","Volumetric Water Content (%)","39.48"
"09/20/2019 - 06:49","Soil Temp (C)","21.96"
"09/20/2019 - 06:49","Soil Permittivity","22.44"
"09/20/2019 - 06:49","Soil Bulk EC (uS/cm)","457.03"
"09/20/2019 - 06:49","Soil Pore Water EC (uS/cm)","2482.91"
"09/20/2019 - 06:49","Battery Voltage (V)","6.57"
"09/20/2019 - 06:56","Volumetric Water Content (%)","39.48"
"09/20/2019 - 06:56","Soil Temp (C)","21.84"
"09/20/2019 - 06:56","Soil Permittivity","22.44"
"09/20/2019 - 06:56","Soil Bulk EC (uS/cm)","454.83"
"09/20/2019 - 06:56","Soil Pore Water EC (uS/cm)","2469.73"
"09/20/2019 - 06:56","Battery Voltage (V)","6.56"
"09/20/2019 - 07:02","Volumetric Water Content (%)","39.48"
"09/20/2019 - 07:02","Soil Temp (C)","21.84"
"09/20/2019 - 07:02","Soil Permittivity","22.44"
"09/20/2019 - 07:02","Soil Bulk EC (uS/cm)","457.03"
"09/20/2019 - 07:02","Soil Pore Water EC (uS/cm)","2482.91"
"09/20/2019 - 07:02","Battery Voltage (V)","6.52"
"09/20/2019 - 07:08","Volumetric Water Content (%)","39.37"
"09/20/2019 - 07:08","Soil Temp (C)","21.84"
"09/20/2019 - 07:08","Soil Permittivity","22.44"
"09/20/2019 - 07:08","Soil Bulk EC (uS/cm)","454.83"
"09/20/2019 - 07:08","Soil Pore Water EC (uS/cm)","2479.98"
"09/20/2019 - 07:08","Battery Voltage (V)","6.54"
"09/20/2019 - 07:14","Volumetric Water Content (%)","39.48"
"09/20/2019 - 07:14","Soil Temp (C)","21.84"
"09/20/2019 - 07:14","Soil Permittivity","22.44"
"09/20/2019 - 07:14","Soil Bulk EC (uS/cm)","454.83"
"09/20/2019 - 07:14","Soil Pore Water EC (uS/cm)","2469.73"
"09/20/2019 - 07:14","Battery Voltage (V)","6.54"
"09/20/2019 - 07:20","Volumetric Water Content (%)","39.37"
"09/20/2019 - 07:20","Soil Temp (C)","21.84"
"09/20/2019 - 07:20","Soil Permittivity","22.44"
"09/20/2019 - 07:20","Soil Bulk EC (uS/cm)","457.03"
"09/20/2019 - 07:20","Soil Pore Water EC (uS/cm)","2493.16"
"09/20/2019 - 07:20","Battery Voltage (V)","6.56"
"09/20/2019 - 07:27","Volumetric Water Content (%)","39.37"
"09/20/2019 - 07:27","Soil Temp (C)","21.72"
"09/20/2019 - 07:27","Soil Permittivity","22.44"
"09/20/2019 - 07:27","Soil Bulk EC (uS/cm)","459.59"
"09/20/2019 - 07:27","Soil Pore Water EC (uS/cm)","2506.35"
"09/20/2019 - 07:27","Battery Voltage (V)","6.54"
"09/20/2019 - 07:33","Volumetric Water Content (%)","39.37"
"09/20/2019 - 07:33","Soil Temp (C)","21.72"
"09/20/2019 - 07:33","Soil Permittivity","22.44"
"09/20/2019 - 07:33","Soil Bulk EC (uS/cm)","457.03"
"09/20/2019 - 07:33","Soil Pore Water EC (uS/cm)","2493.16"
"09/20/2019 - 07:33","Battery Voltage (V)","6.54"
"09/20/2019 - 07:39","Volumetric Water Content (%)","39.37"
"09/20/2019 - 07:39","Soil Temp (C)","21.72"
"09/20/2019 - 07:39","Soil Permittivity","22.44"
"09/20/2019 - 07:39","Soil Bulk EC (uS/cm)","459.59"
"09/20/2019 - 07:39","Soil Pore Water EC (uS/cm)","2506.35"
"09/20/2019 - 07:39","Battery Voltage (V)","6.54"
"09/20/2019 - 07:45","Volumetric Water Content (%)","39.23"
"09/20/2019 - 07:45","Soil Temp (C)","21.72"
"09/20/2019 - 07:45","Soil Permittivity","22.32"
"09/20/2019 - 07:45","Soil Bulk EC (uS/cm)","457.03"
"09/20/2019 - 07:45","Soil Pore Water EC (uS/cm)","2504.88"
"09/20/2019 - 07:45","Battery Voltage (V)","6.56"
"09/20/2019 - 07:51","Volumetric Water Content (%)","39.23"
"09/20/2019 - 07:51","Soil Temp (C)","21.72"
"09/20/2019 - 07:51","Soil Permittivity","22.32"
"09/20/2019 - 07:51","Soil Bulk EC (uS/cm)","457.03"
"09/20/2019 - 07:51","Soil Pore Water EC (uS/cm)","2504.88"
"09/20/2019 - 07:51","Battery Voltage (V)","6.56"
"09/20/2019 - 07:57","Volumetric Water Content (%)","39.37"
"09/20/2019 - 07:57","Soil Temp (C)","21.6"
"09/20/2019 - 07:57","Soil Permittivity","22.44"
"09/20/2019 - 07:57","Soil Bulk EC (uS/cm)","459.59"
"09/20/2019 - 07:57","Soil Pore Water EC (uS/cm)","2506.35"
"09/20/2019 - 07:57","Battery Voltage (V)","6.52"
"09/20/2019 - 08:04","Volumetric Water Content (%)","39.37"
"09/20/2019 - 08:04","Soil Temp (C)","21.6"
"09/20/2019 - 08:04","Soil Permittivity","22.44"
"09/20/2019 - 08:04","Soil Bulk EC (uS/cm)","457.03"
"09/20/2019 - 08:04","Soil Pore Water EC (uS/cm)","2493.16"
"09/20/2019 - 08:04","Battery Voltage (V)","6.54"
"09/20/2019 - 08:10","Volumetric Water Content (%)","39.37"
"09/20/2019 - 08:10","Soil Temp (C)","21.6"
"09/20/2019 - 08:10","Soil Permittivity","22.44"
"09/20/2019 - 08:10","Soil Bulk EC (uS/cm)","457.03"
"09/20/2019 - 08:10","Soil Pore Water EC (uS/cm)","2493.16"
"09/20/2019 - 08:10","Battery Voltage (V)","6.54"
"09/20/2019 - 08:16","Volumetric Water Content (%)","39.23"
"09/20/2019 - 08:16","Soil Temp (C)","21.6"
"09/20/2019 - 08:16","Soil Permittivity","22.32"
"09/20/2019 - 08:16","Soil Bulk EC (uS/cm)","457.03"
"09/20/2019 - 08:16","Soil Pore Water EC (uS/cm)","2504.88"
"09/20/2019 - 08:16","Battery Voltage (V)","6.54"
"09/20/2019 - 08:22","Volumetric Water Content (%)","39.23"
"09/20/2019 - 08:22","Soil Temp (C)","21.6"
"09/20/2019 - 08:22","Soil Permittivity","22.32"
"09/20/2019 - 08:22","Soil Bulk EC (uS/cm)","457.03"
"09/20/2019 - 08:22","Soil Pore Water EC (uS/cm)","2504.88"
"09/20/2019 - 08:22","Battery Voltage (V)","6.52"
"09/20/2019 - 08:28","Volumetric Water Content (%)","39.23"
"09/20/2019 - 08:28","Soil Temp (C)","21.6"
"09/20/2019 - 08:28","Soil Permittivity","22.32"
"09/20/2019 - 08:28","Soil Bulk EC (uS/cm)","459.59"
"09/20/2019 - 08:28","Soil Pore Water EC (uS/cm)","2518.07"
"09/20/2019 - 08:28","Battery Voltage (V)","6.54"
"09/20/2019 - 08:35","Volumetric Water Content (%)","39.23"
"09/20/2019 - 08:35","Soil Temp (C)","21.48"
"09/20/2019 - 08:35","Soil Permittivity","22.32"
"09/20/2019 - 08:35","Soil Bulk EC (uS/cm)","457.03"
"09/20/2019 - 08:35","Soil Pore Water EC (uS/cm)","2504.88"
"09/20/2019 - 08:35","Battery Voltage (V)","6.54"
"09/20/2019 - 08:41","Volumetric Water Content (%)","39.23"
"09/20/2019 - 08:41","Soil Temp (C)","21.48"
"09/20/2019 - 08:41","Soil Permittivity","22.32"
"09/20/2019 - 08:41","Soil Bulk EC (uS/cm)","457.03"
"09/20/2019 - 08:41","Soil Pore Water EC (uS/cm)","2504.88"
"09/20/2019 - 08:41","Battery Voltage (V)","6.54"
"09/20/2019 - 08:47","Volumetric Water Content (%)","39.23"
"09/20/2019 - 08:47","Soil Temp (C)","21.48"
"09/20/2019 - 08:47","Soil Permittivity","22.32"
"09/20/2019 - 08:47","Soil Bulk EC (uS/cm)","454.83"
"09/20/2019 - 08:47","Soil Pore Water EC (uS/cm)","2491.7"
"09/20/2019 - 08:47","Battery Voltage (V)","6.54"
"09/20/2019 - 08:53","Volumetric Water Content (%)","39.23"
"09/20/2019 - 08:53","Soil Temp (C)","21.48"
"09/20/2019 - 08:53","Soil Permittivity","22.32"
"09/20/2019 - 08:53","Soil Bulk EC (uS/cm)","459.59"
"09/20/2019 - 08:53","Soil Pore Water EC (uS/cm)","2518.07"
"09/20/2019 - 08:53","Battery Voltage (V)","6.52"
"09/20/2019 - 08:59","Volumetric Water Content (%)","39.23"
"09/20/2019 - 08:59","Soil Temp (C)","21.48"
"09/20/2019 - 08:59","Soil Permittivity","22.32"
"09/20/2019 - 08:59","Soil Bulk EC (uS/cm)","457.03"
"09/20/2019 - 08:59","Soil Pore Water EC (uS/cm)","2504.88"
"09/20/2019 - 08:59","Battery Voltage (V)","6.56"
"09/20/2019 - 09:06","Volumetric Water Content (%)","39.48"
"09/20/2019 - 09:06","Soil Temp (C)","21.48"
"09/20/2019 - 09:06","Soil Permittivity","22.44"
"09/20/2019 - 09:06","Soil Bulk EC (uS/cm)","457.03"
"09/20/2019 - 09:06","Soil Pore Water EC (uS/cm)","2482.91"
"09/20/2019 - 09:06","Battery Voltage (V)","6.52"
"09/20/2019 - 09:12","Volumetric Water Content (%)","39.6"
"09/20/2019 - 09:12","Soil Temp (C)","21.35"
"09/20/2019 - 09:12","Soil Permittivity","22.56"
"09/20/2019 - 09:12","Soil Bulk EC (uS/cm)","457.03"
"09/20/2019 - 09:12","Soil Pore Water EC (uS/cm)","2472.66"
"09/20/2019 - 09:12","Battery Voltage (V)","6.54"
"09/20/2019 - 09:18","Volumetric Water Content (%)","39.48"
"09/20/2019 - 09:18","Soil Temp (C)","21.35"
"09/20/2019 - 09:18","Soil Permittivity","22.44"
"09/20/2019 - 09:18","Soil Bulk EC (uS/cm)","457.03"
"09/20/2019 - 09:18","Soil Pore Water EC (uS/cm)","2482.91"
"09/20/2019 - 09:18","Battery Voltage (V)","6.54"
"09/20/2019 - 09:24","Volumetric Water Content (%)","39.48"
"09/20/2019 - 09:24","Soil Temp (C)","21.35"
"09/20/2019 - 09:24","Soil Permittivity","22.44"
"09/20/2019 - 09:24","Soil Bulk EC (uS/cm)","457.03"
"09/20/2019 - 09:24","Soil Pore Water EC (uS/cm)","2482.91"
"09/20/2019 - 09:24","Battery Voltage (V)","6.54"
"09/20/2019 - 09:30","Volumetric Water Content (%)","39.12"
"09/20/2019 - 09:30","Soil Temp (C)","21.35"
"09/20/2019 - 09:30","Soil Permittivity","22.2"
"09/20/2019 - 09:30","Soil Bulk EC (uS/cm)","459.59"
"09/20/2019 - 09:30","Soil Pore Water EC (uS/cm)","2540.04"
"09/20/2019 - 09:30","Battery Voltage (V)","6.52"
"09/20/2019 - 09:37","Volumetric Water Content (%)","39.48"
"09/20/2019 - 09:37","Soil Temp (C)","21.35"
"09/20/2019 - 09:37","Soil Permittivity","22.44"
"09/20/2019 - 09:37","Soil Bulk EC (uS/cm)","457.03"
"09/20/2019 - 09:37","Soil Pore Water EC (uS/cm)","2482.91"
"09/20/2019 - 09:37","Battery Voltage (V)","6.51"
"09/20/2019 - 09:43","Volumetric Water Content (%)","39.23"
"09/20/2019 - 09:43","Soil Temp (C)","21.35"
"09/20/2019 - 09:43","Soil Permittivity","22.2"
"09/20/2019 - 09:43","Soil Bulk EC (uS/cm)","457.03"
"09/20/2019 - 09:43","Soil Pore Water EC (uS/cm)","2516.6"
"09/20/2019 - 09:43","Battery Voltage (V)","6.52"
"09/20/2019 - 09:49","Volumetric Water Content (%)","39.48"
"09/20/2019 - 09:49","Soil Temp (C)","21.35"
"09/20/2019 - 09:49","Soil Permittivity","22.44"
"09/20/2019 - 09:49","Soil Bulk EC (uS/cm)","457.03"
"09/20/2019 - 09:49","Soil Pore Water EC (uS/cm)","2482.91"
"09/20/2019 - 09:49","Battery Voltage (V)","6.54"
"09/20/2019 - 09:55","Volumetric Water Content (%)","39.23"
"09/20/2019 - 09:55","Soil Temp (C)","21.35"
"09/20/2019 - 09:55","Soil Permittivity","22.2"
"09/20/2019 - 09:55","Soil Bulk EC (uS/cm)","459.59"
"09/20/2019 - 09:55","Soil Pore Water EC (uS/cm)","2529.79"
"09/20/2019 - 09:55","Battery Voltage (V)","6.54"
"09/20/2019 - 10:01","Volumetric Water Content (%)","39.48"
"09/20/2019 - 10:01","Soil Temp (C)","21.35"
"09/20/2019 - 10:01","Soil Permittivity","22.44"
"09/20/2019 - 10:01","Soil Bulk EC (uS/cm)","457.03"
"09/20/2019 - 10:01","Soil Pore Water EC (uS/cm)","2482.91"
"09/20/2019 - 10:01","Battery Voltage (V)","6.52"
"09/20/2019 - 10:07","Volumetric Water Content (%)","39.48"
"09/20/2019 - 10:07","Soil Temp (C)","21.24"
"09/20/2019 - 10:07","Soil Permittivity","22.44"
"09/20/2019 - 10:07","Soil Bulk EC (uS/cm)","459.59"
"09/20/2019 - 10:07","Soil Pore Water EC (uS/cm)","2496.09"
"09/20/2019 - 10:07","Battery Voltage (V)","6.52"
"09/20/2019 - 10:14","Volumetric Water Content (%)","39.48"
"09/20/2019 - 10:14","Soil Temp (C)","21.24"
"09/20/2019 - 10:14","Soil Permittivity","22.44"
"09/20/2019 - 10:14","Soil Bulk EC (uS/cm)","457.03"
"09/20/2019 - 10:14","Soil Pore Water EC (uS/cm)","2482.91"
"09/20/2019 - 10:14","Battery Voltage (V)","6.56"
"09/20/2019 - 10:20","Volumetric Water Content (%)","39.48"
"09/20/2019 - 10:20","Soil Temp (C)","21.24"
"09/20/2019 - 10:20","Soil Permittivity","22.44"
"09/20/2019 - 10:20","Soil Bulk EC (uS/cm)","457.03"
"09/20/2019 - 10:20","Soil Pore Water EC (uS/cm)","2482.91"
"09/20/2019 - 10:20","Battery Voltage (V)","6.52"
"09/20/2019 - 10:26","Volumetric Water Content (%)","39.48"
"09/20/2019 - 10:26","Soil Temp (C)","21.11"
"09/20/2019 - 10:26","Soil Permittivity","22.44"
"09/20/2019 - 10:26","Soil Bulk EC (uS/cm)","457.03"
"09/20/2019 - 10:26","Soil Pore Water EC (uS/cm)","2482.91"
"09/20/2019 - 10:26","Battery Voltage (V)","6.52"
"09/20/2019 - 10:32","Volumetric Water Content (%)","39.37"
"09/20/2019 - 10:32","Soil Temp (C)","21.11"
"09/20/2019 - 10:32","Soil Permittivity","22.44"
"09/20/2019 - 10:32","Soil Bulk EC (uS/cm)","459.59"
"09/20/2019 - 10:32","Soil Pore Water EC (uS/cm)","2506.35"
"09/20/2019 - 10:32","Battery Voltage (V)","6.54"
"09/20/2019 - 10:38","Volumetric Water Content (%)","39.37"
"09/20/2019 - 10:38","Soil Temp (C)","21.11"
"09/20/2019 - 10:38","Soil Permittivity","22.44"
"09/20/2019 - 10:38","Soil Bulk EC (uS/cm)","459.59"
"09/20/2019 - 10:38","Soil Pore Water EC (uS/cm)","2506.35"
"09/20/2019 - 10:38","Battery Voltage (V)","6.52"
"09/20/2019 - 10:45","Volumetric Water Content (%)","39.37"
"09/20/2019 - 10:45","Soil Temp (C)","21"
"09/20/2019 - 10:45","Soil Permittivity","22.44"
"09/20/2019 - 10:45","Soil Bulk EC (uS/cm)","457.03"
"09/20/2019 - 10:45","Soil Pore Water EC (uS/cm)","2493.16"
"09/20/2019 - 10:45","Battery Voltage (V)","6.51"
"09/20/2019 - 10:51","Volumetric Water Content (%)","39.48"
"09/20/2019 - 10:51","Soil Temp (C)","21.11"
"09/20/2019 - 10:51","Soil Permittivity","22.44"
"09/20/2019 - 10:51","Soil Bulk EC (uS/cm)","459.59"
"09/20/2019 - 10:51","Soil Pore Water EC (uS/cm)","2496.09"
"09/20/2019 - 10:51","Battery Voltage (V)","6.52"
"09/20/2019 - 10:57","Volumetric Water Content (%)","39.37"
"09/20/2019 - 10:57","Soil Temp (C)","21.11"
"09/20/2019 - 10:57","Soil Permittivity","22.44"
"09/20/2019 - 10:57","Soil Bulk EC (uS/cm)","457.03"
"09/20/2019 - 10:57","Soil Pore Water EC (uS/cm)","2493.16"
"09/20/2019 - 10:57","Battery Voltage (V)","6.52"
"09/20/2019 - 11:03","Volumetric Water Content (%)","39.37"
"09/20/2019 - 11:03","Soil Temp (C)","21.24"
"09/20/2019 - 11:03","Soil Permittivity","22.44"
"09/20/2019 - 11:03","Soil Bulk EC (uS/cm)","459.59"
"09/20/2019 - 11:03","Soil Pore Water EC (uS/cm)","2506.35"
"09/20/2019 - 11:03","Battery Voltage (V)","6.52"
"09/20/2019 - 11:09","Volumetric Water Content (%)","39.23"
"09/20/2019 - 11:09","Soil Temp (C)","21.24"
"09/20/2019 - 11:09","Soil Permittivity","22.32"
"09/20/2019 - 11:09","Soil Bulk EC (uS/cm)","457.03"
"09/20/2019 - 11:09","Soil Pore Water EC (uS/cm)","2504.88"
"09/20/2019 - 11:09","Battery Voltage (V)","6.52"
"09/20/2019 - 11:16","Volumetric Water Content (%)","39.37"
"09/20/2019 - 11:16","Soil Temp (C)","21.48"
"09/20/2019 - 11:16","Soil Permittivity","22.44"
"09/20/2019 - 11:16","Soil Bulk EC (uS/cm)","459.59"
"09/20/2019 - 11:16","Soil Pore Water EC (uS/cm)","2506.35"
"09/20/2019 - 11:16","Battery Voltage (V)","6.51"
"09/20/2019 - 11:22","Volumetric Water Content (%)","39.37"
"09/20/2019 - 11:22","Soil Temp (C)","21.48"
"09/20/2019 - 11:22","Soil Permittivity","22.44"
"09/20/2019 - 11:22","Soil Bulk EC (uS/cm)","457.03"
"09/20/2019 - 11:22","Soil Pore Water EC (uS/cm)","2493.16"
"09/20/2019 - 11:22","Battery Voltage (V)","6.52"
"09/20/2019 - 11:28","Volumetric Water Content (%)","39.37"
"09/20/2019 - 11:28","Soil Temp (C)","21.6"
"09/20/2019 - 11:28","Soil Permittivity","22.44"
"09/20/2019 - 11:28","Soil Bulk EC (uS/cm)","462.16"
"09/20/2019 - 11:28","Soil Pore Water EC (uS/cm)","2519.53"
"09/20/2019 - 11:28","Battery Voltage (V)","6.52"
"09/20/2019 - 11:34","Volumetric Water Content (%)","39.37"
"09/20/2019 - 11:34","Soil Temp (C)","21.72"
"09/20/2019 - 11:34","Soil Permittivity","22.44"
"09/20/2019 - 11:34","Soil Bulk EC (uS/cm)","464.36"
"09/20/2019 - 11:34","Soil Pore Water EC (uS/cm)","2532.71"
"09/20/2019 - 11:34","Battery Voltage (V)","6.51"
"09/20/2019 - 11:40","Volumetric Water Content (%)","39.23"
"09/20/2019 - 11:40","Soil Temp (C)","21.84"
"09/20/2019 - 11:40","Soil Permittivity","22.2"
"09/20/2019 - 11:40","Soil Bulk EC (uS/cm)","464.36"
"09/20/2019 - 11:40","Soil Pore Water EC (uS/cm)","2556.15"
"09/20/2019 - 11:40","Battery Voltage (V)","6.52"
"09/20/2019 - 11:47","Volumetric Water Content (%)","39.23"
"09/20/2019 - 11:47","Soil Temp (C)","21.84"
"09/20/2019 - 11:47","Soil Permittivity","22.32"
"09/20/2019 - 11:47","Soil Bulk EC (uS/cm)","464.36"
"09/20/2019 - 11:47","Soil Pore Water EC (uS/cm)","2544.43"
"09/20/2019 - 11:47","Battery Voltage (V)","6.51"
"09/20/2019 - 11:53","Volumetric Water Content (%)","26.64"
"09/20/2019 - 11:53","Soil Temp (C)","23.04"
"09/20/2019 - 11:53","Soil Permittivity","14.16"
"09/20/2019 - 11:53","Soil Bulk EC (uS/cm)","292.79"
"09/20/2019 - 11:53","Soil Pore Water EC (uS/cm)","3002.93"
"09/20/2019 - 11:53","Battery Voltage (V)","6.49"
"09/20/2019 - 11:59","Volumetric Water Content (%)","43.92"
"09/20/2019 - 11:59","Soil Temp (C)","26.28"
"09/20/2019 - 11:59","Soil Permittivity","26.05"
"09/20/2019 - 11:59","Soil Bulk EC (uS/cm)","459.59"
"09/20/2019 - 11:59","Soil Pore Water EC (uS/cm)","2077.15"
"09/20/2019 - 11:59","Battery Voltage (V)","6.49"
"09/20/2019 - 12:05","Volumetric Water Content (%)","51.36"
"09/20/2019 - 12:05","Soil Temp (C)","27.72"
"09/20/2019 - 12:05","Soil Permittivity","32.27"
"09/20/2019 - 12:05","Soil Bulk EC (uS/cm)","592.9"
"09/20/2019 - 12:05","Soil Pore Water EC (uS/cm)","2074.22"
"09/20/2019 - 12:05","Battery Voltage (V)","6.47"
"09/20/2019 - 12:11","Volumetric Water Content (%)","47.74"
"09/20/2019 - 12:11","Soil Temp (C)","29.16"
"09/20/2019 - 12:11","Soil Permittivity","29.64"
"09/20/2019 - 12:11","Soil Bulk EC (uS/cm)","547.12"
"09/20/2019 - 12:11","Soil Pore Water EC (uS/cm)","2112.3"
"09/20/2019 - 12:11","Battery Voltage (V)","6.51"
"09/20/2019 - 12:17","Volumetric Water Content (%)","47.29"
"09/20/2019 - 12:17","Soil Temp (C)","30.49"
"09/20/2019 - 12:17","Soil Permittivity","29.27"
"09/20/2019 - 12:17","Soil Bulk EC (uS/cm)","537.6"
"09/20/2019 - 12:17","Soil Pore Water EC (uS/cm)","2112.3"
"09/20/2019 - 12:17","Battery Voltage (V)","6.49"
"09/20/2019 - 12:24","Volumetric Water Content (%)","47.06"
"09/20/2019 - 12:24","Soil Temp (C)","31.68"
"09/20/2019 - 12:24","Soil Permittivity","28.93"
"09/20/2019 - 12:24","Soil Bulk EC (uS/cm)","537.6"
"09/20/2019 - 12:24","Soil Pore Water EC (uS/cm)","2135.74"
"09/20/2019 - 12:24","Battery Voltage (V)","6.51"
"09/20/2019 - 12:30","Volumetric Water Content (%)","46.81"
"09/20/2019 - 12:30","Soil Temp (C)","32.89"
"09/20/2019 - 12:30","Soil Permittivity","28.79"
"09/20/2019 - 12:30","Soil Bulk EC (uS/cm)","535.03"
"09/20/2019 - 12:30","Soil Pore Water EC (uS/cm)","2141.6"
"09/20/2019 - 12:30","Battery Voltage (V)","6.51"
"09/20/2019 - 12:36","Volumetric Water Content (%)","46.44"
"09/20/2019 - 12:36","Soil Temp (C)","33.6"
"09/20/2019 - 12:36","Soil Permittivity","28.45"
"09/20/2019 - 12:36","Soil Bulk EC (uS/cm)","537.6"
"09/20/2019 - 12:36","Soil Pore Water EC (uS/cm)","2182.62"
"09/20/2019 - 12:36","Battery Voltage (V)","6.51"
"09/20/2019 - 12:42","Volumetric Water Content (%)","46.44"
"09/20/2019 - 12:42","Soil Temp (C)","33.71"
"09/20/2019 - 12:42","Soil Permittivity","28.31"
"09/20/2019 - 12:42","Soil Bulk EC (uS/cm)","540.16"
"09/20/2019 - 12:42","Soil Pore Water EC (uS/cm)","2200.2"
"09/20/2019 - 12:42","Battery Voltage (V)","6.47"
"09/20/2019 - 12:48","Volumetric Water Content (%)","46.33"
"09/20/2019 - 12:48","Soil Temp (C)","34.19"
"09/20/2019 - 12:48","Soil Permittivity","28.2"
"09/20/2019 - 12:48","Soil Bulk EC (uS/cm)","544.92"
"09/20/2019 - 12:48","Soil Pore Water EC (uS/cm)","2229.49"
"09/20/2019 - 12:48","Battery Voltage (V)","6.51"
"09/20/2019 - 12:55","Volumetric Water Content (%)","46.21"
"09/20/2019 - 12:55","Soil Temp (C)","35.27"
"09/20/2019 - 12:55","Soil Permittivity","28.2"
"09/20/2019 - 12:55","Soil Bulk EC (uS/cm)","547.12"
"09/20/2019 - 12:55","Soil Pore Water EC (uS/cm)","2247.07"
"09/20/2019 - 12:55","Battery Voltage (V)","6.51"
"09/20/2019 - 13:01","Volumetric Water Content (%)","46.07"
"09/20/2019 - 13:01","Soil Temp (C)","35.52"
"09/20/2019 - 13:01","Soil Permittivity","28.08"
"09/20/2019 - 13:01","Soil Bulk EC (uS/cm)","550.78"
"09/20/2019 - 13:01","Soil Pore Water EC (uS/cm)","2270.51"
"09/20/2019 - 13:01","Battery Voltage (V)","6.47"
"09/20/2019 - 13:07","Volumetric Water Content (%)","46.33"
"09/20/2019 - 13:07","Soil Temp (C)","35.64"
"09/20/2019 - 13:07","Soil Permittivity","28.2"
"09/20/2019 - 13:07","Soil Bulk EC (uS/cm)","549.68"
"09/20/2019 - 13:07","Soil Pore Water EC (uS/cm)","2248.54"
"09/20/2019 - 13:07","Battery Voltage (V)","6.51"
"09/20/2019 - 13:13","Volumetric Water Content (%)","46.07"
"09/20/2019 - 13:13","Soil Temp (C)","36.37"
"09/20/2019 - 13:13","Soil Permittivity","28.08"
"09/20/2019 - 13:13","Soil Bulk EC (uS/cm)","555.54"
"09/20/2019 - 13:13","Soil Pore Water EC (uS/cm)","2291.02"
"09/20/2019 - 13:13","Battery Voltage (V)","6.49"
"09/20/2019 - 13:19","Volumetric Water Content (%)","45.96"
"09/20/2019 - 13:19","Soil Temp (C)","37.19"
"09/20/2019 - 13:19","Soil Permittivity","27.97"
"09/20/2019 - 13:19","Soil Bulk EC (uS/cm)","555.54"
"09/20/2019 - 13:19","Soil Pore Water EC (uS/cm)","2299.8"
"09/20/2019 - 13:19","Battery Voltage (V)","6.47"
"09/20/2019 - 13:26","Volumetric Water Content (%)","45.96"
"09/20/2019 - 13:26","Soil Temp (C)","37.93"
"09/20/2019 - 13:26","Soil Permittivity","27.97"
"09/20/2019 - 13:26","Soil Bulk EC (uS/cm)","560.3"
"09/20/2019 - 13:26","Soil Pore Water EC (uS/cm)","2327.64"
"09/20/2019 - 13:26","Battery Voltage (V)","6.51"
"09/20/2019 - 13:32","Volumetric Water Content (%)","45.36"
"09/20/2019 - 13:32","Soil Temp (C)","38.52"
"09/20/2019 - 13:32","Soil Permittivity","27.35"
"09/20/2019 - 13:32","Soil Bulk EC (uS/cm)","560.3"
"09/20/2019 - 13:32","Soil Pore Water EC (uS/cm)","2380.37"
"09/20/2019 - 13:32","Battery Voltage (V)","6.47"
"09/20/2019 - 13:38","Volumetric Water Content (%)","45.48"
"09/20/2019 - 13:38","Soil Temp (C)","38.64"
"09/20/2019 - 13:38","Soil Permittivity","27.49"
"09/20/2019 - 13:38","Soil Bulk EC (uS/cm)","562.87"
"09/20/2019 - 13:38","Soil Pore Water EC (uS/cm)","2381.84"
"09/20/2019 - 13:38","Battery Voltage (V)","6.49"
